,VM Name,vCPUs,Memory (GiB),Linux Price,Windows Price
,Standard_B1ls,1,0.5,0.0052,0.0092
,Standard_A0,1,0.75,0.0200,0.0200
,Standard_B1ms,1,2,0.0207,0.0246
,Basic_A1,1,1.75,0.0230,0.0320
,Standard_B2s,2,4,0.0416,0.0496
,Standard_A1_v2,1,2,0.0430,0.0650
,Standard_F1,1,2,0.0497,0.0957
,Standard_F1s,1,2,0.0497,0.0957
,Standard_A1,1,1.75,0.0600,0.0900
,Standard_D2pls_v5,2,4,0.0680,0.1600
,Standard_D1_v2,1,3.5,0.0730,0.1260
,Standard_DS1_v2,1,3.5,0.0730,0.1260
,Standard_D2plds_v5,2,4,0.0768,0.1690
,Standard_D1,1,3.5,0.0770,0.1400
,Standard_D2ps_v5,2,8,0.0770,0.1690
,Standard_DS1,1,3.5,0.0770,0.1400
,Basic_A2,2,3.5,0.0790,0.1330
,Standard_B2ms,2,8,0.0832,0.0912
,Standard_F2s_v2,2,4,0.0846,0.1630
,Standard_D2as_v5,2,8,0.0860,0.1780
,Standard_A2_v2,2,4,0.0910,0.1360
,Standard_DC2as_v5,2,8,0.0946,0.1870
,Standard_D2_v3,2,8,0.0960,0.1880
,Standard_D2_v4,2,8,0.0960,0.1880
,Standard_D2_v5,2,8,0.0960,0.1880
,Standard_D2a_v4,2,8,0.0960,0.1880
,Standard_D2as_v4,2,8,0.0960,0.1880
,Standard_D2s_v3,2,8,0.0960,0.1880
,Standard_D2s_v4,2,8,0.0960,0.1880
,Standard_D2s_v5,2,8,0.0960,0.1880
,Standard_DC1s_v2,1,4,0.0960,0.1420
,Standard_DC1s_v3,1,8,0.0960,0.1420
,Standard_F2,2,4,0.0990,0.1920
,Standard_F2s,2,4,0.0990,0.1920
,Standard_E2ps_v5,2,16,0.1010,0.1930
,Standard_D2ads_v5,2,8,0.1030,0.1950
,Standard_D2d_v4,2,8,0.1130,0.2050
,Standard_D2d_v5,2,8,0.1130,0.2050
,Standard_D2ds_v4,2,8,0.1130,0.2050
,Standard_D2ds_v5,2,8,0.1130,0.2050
,Standard_DC1ds_v3,1,8,0.1130,0.1590
,Standard_DC2ads_v5,2,8,0.1130,0.2050
,Standard_E2as_v5,2,16,0.1130,0.2050
,Standard_A2m_v2,2,16,0.1190,0.1800
,Standard_A2,2,3.5,0.1200,0.1800
,Standard_EC2as_v5,2,16,0.1240,0.2160
,Standard_E2_v3,2,16,0.1260,0.2180
,Standard_E2_v4,2,16,0.1260,0.2180
,Standard_E2_v5,2,16,0.1260,0.2180
,Standard_E2a_v4,2,16,0.1260,0.2180
,Standard_E2as_v4,2,16,0.1260,0.2180
,Standard_E2s_v3,2,16,0.1260,0.2180
,Standard_E2s_v4,2,16,0.1260,0.2180
,Standard_E2s_v5,2,16,0.1260,0.2180
,Standard_E2ads_v5,2,16,0.1310,0.2230
,Standard_D4pls_v5,4,8,0.1360,0.3200
,Standard_E2d_v4,2,16,0.1440,0.2360
,Standard_E2d_v5,2,16,0.1440,0.2360
,Standard_E2ds_v4,2,16,0.1440,0.2360
,Standard_E2ds_v5,2,16,0.1440,0.2360
,Standard_EC2ads_v5,2,16,0.1440,0.2360
,Standard_D2_v2,2,7,0.1460,0.2520
,Standard_DS2_v2,2,7,0.1460,0.2520
,Standard_E2bs_v5,2,16,0.1490,0.2410
,Standard_D2,2,7,0.1540,0.2800
,Standard_D4plds_v5,4,8,0.1540,0.3380
,Standard_DS2,2,7,0.1540,0.2800
,Standard_B4ms,4,16,0.1660,0.1820
,Standard_F4s_v2,4,8,0.1690,0.3260
,Standard_D4as_v5,4,16,0.1720,0.3560
,Standard_D4pds_v5,4,16,0.1810,0.3650
,Standard_D11_v2,2,14,0.1850,0.2640
,Standard_DS11_v2,2,14,0.1850,0.2640
,Standard_DS11-1_v2,1,14,0.1850,0.2640
,Standard_DC4as_v5,4,16,0.1890,0.3730
,Standard_A4_v2,4,8,0.1910,0.2860
,Standard_D4_v3,4,16,0.1920,0.3760
,Standard_D4_v4,4,16,0.1920,0.3760
,Standard_D4_v5,4,16,0.1920,0.3760
,Standard_D4a_v4,4,16,0.1920,0.3760
,Standard_D4as_v4,4,16,0.1920,0.3760
,Standard_D4s_v3,4,16,0.1920,0.3760
,Standard_D4s_v4,4,16,0.1920,0.3760
,Standard_D4s_v5,4,16,0.1920,0.3760
,Standard_DC2s_v3,2,16,0.1920,0.2840
,Standard_D11,2,14,0.1930,0.2640
,Standard_DS11,2,14,0.1930,0.2640
,Standard_DC2s,2,8,0.1980,0.2440
,Standard_F4,4,8,0.1990,0.3830
,Standard_F4s,4,8,0.1990,0.3830
,Standard_E4ps_v5,4,32,0.2020,0.3860
,Standard_D4ads_v5,4,16,0.2060,0.3900
,Standard_D4d_v4,4,16,0.2260,0.4100
,Standard_D4d_v5,4,16,0.2260,0.4100
,Standard_D4ds_v4,4,16,0.2260,0.4100
,Standard_D4ds_v5,4,16,0.2260,0.4100
,Standard_DC2ds_v3,2,16,0.2260,0.3180
,Standard_E4-2as_v5,2,32,0.2260,0.4100
,Standard_E4as_v5,4,32,0.2260,0.4100
,Standard_DC4ads_v5,4,16,0.2270,0.4110
,Standard_E4pds_v5,4,32,0.2300,0.4140
,Standard_NV4as_v4,4,14,0.2330,0.4170
,Standard_A4m_v2,4,32,0.2380,0.3600
,Standard_A3,4,7,0.2400,0.3600
,Standard_EC4as_v5,4,32,0.2490,0.4330
,Standard_A5,2,14,0.2500,0.3300
,Standard_E4_v3,4,32,0.2520,0.4360
,Standard_E4_v4,4,32,0.2520,0.4360
,Standard_E4_v5,4,32,0.2520,0.4360
,Standard_E4-2as_v4,2,32,0.2520,0.4360
,Standard_E4-2s_v3,2,32,0.2520,0.4360
,Standard_E4-2s_v4,2,32,0.2520,0.4360
,Standard_E4-2s_v5,2,32,0.2520,0.4360
,Standard_E4a_v4,4,32,0.2520,0.4360
,Standard_E4as_v4,4,32,0.2520,0.4360
,Standard_E4s_v4,4,32,0.2520,0.4360
,Standard_E4s_v5,4,32,0.2520,0.4360
,Standard_E4-2ads_v5,2,32,0.2620,0.4460
,Standard_E4ads_v5,4,32,0.2620,0.4460
,Standard_D8pls_v5,8,16,0.2720,0.6400
,Standard_E4-2ds_v4,2,32,0.2880,0.4720
,Standard_E4-2ds_v5,2,32,0.2880,0.4720
,Standard_E4d_v4,4,32,0.2880,0.4720
,Standard_E4d_v5,4,32,0.2880,0.4720
,Standard_E4ds_v4,4,32,0.2880,0.4720
,Standard_E4ds_v5,4,32,0.2880,0.4720
,Standard_EC4ads_v5,4,32,0.2880,0.4720
,Standard_D3_v2,4,14,0.2930,0.5040
,Standard_DS3_v2,4,14,0.2930,0.5040
,Standard_E4bs_v5,4,32,0.2980,0.4820
,Standard_D8plds_v5,8,16,0.3070,0.6750
,Standard_D3,4,14,0.3080,0.5600
,Standard_D8ps_v5,8,32,0.3080,0.6760
,Standard_DS3,4,14,0.3080,0.5600
,Standard_B8ms,8,32,0.3330,0.3650
,Standard_E4bds_v5,4,32,0.3340,0.5180
,Standard_F8s_v2,8,16,0.3380,0.6510
,Standard_D8as_v5,8,32,0.3440,0.7120
,Basic_A4,8,14,0.3520,0.5920
,Standard_D8pds_v5,8,32,0.3620,0.7300
,Standard_D12_v2,4,28,0.3710,0.5280
,Standard_DS12_v2,4,28,0.3710,0.5280
,Standard_DS12-1_v2,1,28,0.3710,0.5280
,Standard_DS12-2_v2,2,28,0.3710,0.5280
,Standard_FX4mds,4,84,0.3720,0.5560
,Standard_DC8as_v5,8,32,0.3780,0.7460
,Standard_D8_v3,8,32,0.3840,0.7520
,Standard_D8_v4,8,32,0.3840,0.7520
,Standard_D8_v5,8,32,0.3840,0.7520
,Standard_D8a_v4,8,32,0.3840,0.7520
,Standard_D8as_v4,8,32,0.3840,0.7520
,Standard_D8s_v3,8,32,0.3840,0.7520
,Standard_D8s_v4,8,32,0.3840,0.7520
,Standard_D8s_v5,8,32,0.3840,0.7520
,Standard_DC4s_v2,4,16,0.3840,0.5680
,Standard_DC4s_v3,4,32,0.3840,0.5680
,Standard_D12,4,28,0.3860,0.5280
,Standard_DS12,4,28,0.3860,0.5280
,Standard_DC4s,4,16,0.3950,0.4870
,Standard_F8,8,16,0.3980,0.7660
,Standard_F8s,8,16,0.3980,0.7660
,Standard_A8_v2,8,16,0.4000,0.6000
,Standard_E8ps_v5,8,64,0.4030,0.7710
,Standard_D8ads_v5,8,32,0.4120,0.7800
,Standard_D8d_v4,8,32,0.4520,0.8200
,Standard_D8d_v5,8,32,0.4520,0.8200
,Standard_D8ds_v5,8,32,0.4520,0.8200
,Standard_DC4ds_v3,4,32,0.4520,0.6360
,Standard_E8-2as_v5,2,64,0.4520,0.8200
,Standard_E8-4as_v5,4,64,0.4520,0.8200
,Standard_E8as_v5,8,64,0.4520,0.8200
,Standard_DC8ads_v5,8,32,0.4530,0.8210
,Standard_NV6ads_A10_v5,6,55,0.4540,0.7300
,Standard_E8pds_v5,8,64,0.4610,0.8290
,Standard_NV8as_v4,8,28,0.4660,0.8340
,Standard_A8m_v2,8,64,0.4750,0.7200
,Standard_A4,8,14,0.4800,0.7200
,Standard_EC8as_v5,8,64,0.4970,0.8650
,Standard_B12ms,12,48,0.4990,0.5470
,Standard_A6,4,28,0.5000,0.6600
,Standard_E8_v3,8,64,0.5040,0.8720
,Standard_E8_v4,8,64,0.5040,0.8720
,Standard_E8_v5,8,64,0.5040,0.8720
,Standard_E8-2as_v4,2,64,0.5040,0.8720
,Standard_E8-2s_v3,2,64,0.5040,0.8720
,Standard_E8-2s_v4,2,64,0.5040,0.8720
,Standard_E8-2s_v5,2,64,0.5040,0.8720
,Standard_E8-4as_v4,4,64,0.5040,0.8720
,Standard_E8-4s_v3,4,64,0.5040,0.8720
,Standard_E8-4s_v4,4,64,0.5040,0.8720
,Standard_E8-4s_v5,4,64,0.5040,0.8720
,Standard_E8a_v4,8,64,0.5040,0.8720
,Standard_E8as_v4,8,64,0.5040,0.8720
,Standard_E8s_v3,8,64,0.5040,0.8720
,Standard_E8s_v4,8,64,0.5040,0.8720
,Standard_E8s_v5,8,64,0.5040,0.8720
,Standard_E8-2ads_v5,2,64,0.5240,0.8920
,Standard_E8-4ads_v5,4,64,0.5240,0.8920
,Standard_E8ads_v5,8,64,0.5240,0.8920
,Standard_NC4as_T4_v3,4,28,0.5260,0.7100
,Standard_D16pls_v5,16,32,0.5440,1.2800
,Standard_E8-2ds_v4,2,64,0.5760,0.9440
,Standard_E8-2ds_v5,2,64,0.5760,0.9440
,Standard_E8-4ds_v4,4,64,0.5760,0.9440
,Standard_E8-4ds_v5,4,64,0.5760,0.9440
,Standard_E8d_v4,8,64,0.5760,0.9440
,Standard_E8d_v5,8,64,0.5760,0.9440
,Standard_E8ds_v4,8,64,0.5760,0.9440
,Standard_E8ds_v5,8,64,0.5760,0.9440
,Standard_EC8ads_v5,8,64,0.5760,0.9440
,Standard_D4_v2,8,28,0.5850,1.0080
,Standard_DS4_v2,8,28,0.5850,1.0080
,Standard_E8bs_v5,8,64,0.5960,0.9640
,Standard_D16plds_v5,16,32,0.6140,1.3500
,Standard_D16ps_v5,16,64,0.6160,1.3520
,Standard_DS4,8,28,0.6160,1.1200
,Standard_L8as_v3,8,64,0.6240,0.9920
,Standard_L8s_v2,8,64,0.6240,0.9920
,Standard_B16ms,16,64,0.6660,0.7300
,Standard_E8bds_v5,8,64,0.6680,1.0360
,Standard_F16s_v2,16,32,0.6770,1.3020
,Standard_D16as_v5,16,64,0.6880,1.4240
,Standard_L8s_v3,8,64,0.6960,1.0640
,Standard_D16pds_v5,16,64,0.7230,1.4590
,Standard_D13_v2,8,56,0.7410,1.0560
,Standard_DS13_v2,8,56,0.7410,1.0560
,Standard_DS13-2_v2,2,56,0.7410,1.0560
,Standard_DS13-4_v2,4,56,0.7410,1.0560
,Standard_NC8as_T4_v3,8,56,0.7520,1.1200
,Standard_DC16as_v5,16,64,0.7570,1.4930
,Standard_D16_v3,16,64,0.7680,1.5040
,Standard_D16_v4,16,64,0.7680,1.5040
,Standard_D16_v5,16,64,0.7680,1.5040
,Standard_D16a_v4,16,64,0.7680,1.5040
,Standard_D16as_v4,16,64,0.7680,1.5040
,Standard_D16s_v3,16,64,0.7680,1.5040
,Standard_D16s_v4,16,64,0.7680,1.5040
,Standard_D16s_v5,16,64,0.7680,1.5040
,Standard_DC8_v2,8,32,0.7680,1.1360
,Standard_DC8s_v3,8,64,0.7680,1.1360
,Standard_D13,8,56,0.7710,1.0560
,Standard_DS13,8,56,0.7710,1.0560
,Standard_F16,16,32,0.7960,1.5320
,Standard_F16s,16,32,0.7960,1.5320
,Standard_E16ps_v5,16,128,0.8060,1.5420
,Standard_D16ads_v5,16,64,0.8240,1.5600
,Standard_PB6s,6,112,0.8300,1.1060
,Standard_B20ms,20,80,0.8320,0.9120
,Standard_NC6,6,56,0.9000,1.0840
,Standard_D16d_v4,16,64,0.9040,1.6400
,Standard_D16d_v5,16,64,0.9040,1.6400
,Standard_D16ds_v4,16,64,0.9040,1.6400
,Standard_D16ds_v5,16,64,0.9040,1.6400
,Standard_DC8ds_v3,8,64,0.9040,1.2720
,Standard_E16-4as_v5,4,128,0.9040,1.6400
,Standard_E16-8as_v5,8,128,0.9040,1.6400
,Standard_E16as_v5,16,128,0.9040,1.6400
,Standard_H8,8,56,0.9040,1.7540
,Standard_DC16ads_v5,16,64,0.9060,1.6420
,Standard_NV12ads_A10_v5,12,110,0.9080,1.4600
,Standard_NV16as_v4,16,56,0.9320,1.6680
,Standard_EC16as_v5,16,128,0.9940,1.7300
,Standard_A7,8,56,1.0000,1.3200
,Standard_E16_v3,16,128,1.0080,1.7440
,Standard_E16_v4,16,128,1.0080,1.7440
,Standard_E16_v5,16,128,1.0080,1.7440
,Standard_E16-4as_v4,4,128,1.0080,1.7440
,Standard_E16-4s_v3,4,128,1.0080,1.7440
,Standard_E16-4s_v4,4,128,1.0080,1.7440
,Standard_E16-4s_v5,4,128,1.0080,1.7440
,Standard_E16-8as_v4,8,128,1.0080,1.7440
,Standard_E16-8s_v3,8,128,1.0080,1.7440
,Standard_E16-8s_v4,8,128,1.0080,1.7440
,Standard_E16-8s_v5,8,128,1.0080,1.7440
,Standard_E16a_v4,16,128,1.0080,1.7440
,Standard_E16as_v4,16,128,1.0080,1.7440
,Standard_E16s_v3,16,128,1.0080,1.7440
,Standard_E16s_v5,16,128,1.0080,1.7440
,Standard_E20ps_v5,20,160,1.0080,1.9280
,Standard_E16-4ads_v5,4,128,1.0480,1.7840
,Standard_E16-8ads_v5,8,128,1.0480,1.7840
,Standard_E16ads_v5,16,128,1.0480,1.7840
,Standard_D32pls_v5,32,64,1.0880,2.5600
,Standard_FX12mds,12,252,1.1160,1.6680
,Standard_E20as_v5,20,160,1.1300,2.0500
,Standard_NV12s_v3,12,112,1.1400,1.6920
,Standard_NV6,6,56,1.1400,1.4400
,Standard_E16-4ds_v4,4,128,1.1520,1.8880
,Standard_E16-4ds_v5,4,128,1.1520,1.8880
,Standard_E16-8ds_v4,8,128,1.1520,1.8880
,Standard_E16-8ds_v5,8,128,1.1520,1.8880
,Standard_E16d_v4,16,128,1.1520,1.8880
,Standard_E16d_v5,16,128,1.1520,1.8880
,Standard_E16ds_v4,16,128,1.1520,1.8880
,Standard_E16ds_v5,16,128,1.1520,1.8880
,Standard_E20pds_v5,20,160,1.1520,2.0720
,Standard_EC16ads_v5,16,128,1.1530,1.8890
,Standard_D5_v2,16,56,1.1700,2.0160
,Standard_DS5_v2,16,56,1.1700,2.0160
,Standard_E16bs_v5,16,128,1.1920,1.9280
,Standard_NC16as_T4_v3,16,110,1.2040,1.9400
,Standard_H8m,8,112,1.2110,2.3500
,Standard_D32plds_v5,32,64,1.2290,2.7010
,Standard_D32ps_v5,32,128,1.2320,2.7040
,Standard_EC20as_v5,20,160,1.2430,2.1630
,Standard_L16as_v3,16,128,1.2480,1.9840
,Standard_L16s_v2,16,128,1.2480,1.9840
,Standard_E20_v3,20,160,1.2600,2.1800
,Standard_E20_v4,20,160,1.2600,2.1800
,Standard_E20_v5,20,160,1.2600,2.1800
,Standard_E20a_v4,20,160,1.2600,2.1800
,Standard_E20as_v4,20,160,1.2600,2.1800
,Standard_E20s_v3,20,160,1.2600,2.1800
,Standard_E20s_v4,20,160,1.2600,2.1800
,Standard_E20s_v5,20,160,1.2600,2.1800
,Standard_E20ads_v5,20,160,1.3100,2.2300
,Standard_E16bds_v5,16,128,1.3360,2.0720
,Standard_F32s_v2,32,64,1.3530,2.6040
,Standard_D32as_v5,32,128,1.3760,2.8480
,Standard_L16s_v3,16,128,1.3920,2.1280
,Standard_E20d_v5,20,160,1.4400,2.3600
,Standard_E20ds_v4,20,160,1.4400,2.3600
,Standard_E20ds_v5,20,160,1.4400,2.3600
,Standard_EC20ads_v5,20,160,1.4410,2.3610
,Standard_D32pds_v5,32,128,1.4460,2.9180
,Standard_D14_v2,16,112,1.4820,2.1110
,Standard_DS14_v2,16,112,1.4820,2.1110
,Standard_DS14-4_v2,4,112,1.4820,2.1110
,Standard_DS14-8_v2,8,112,1.4820,2.1110
,Standard_DC32as_v5,32,128,1.5140,2.9860
,Standard_D32_v3,32,128,1.5360,3.0080
,Standard_D32_v4,32,128,1.5360,3.0080
,Standard_D32_v5,32,128,1.5360,3.0080
,Standard_D32a_v4,32,128,1.5360,3.0080
,Standard_D32as_v4,32,128,1.5360,3.0080
,Standard_D32s_v3,32,128,1.5360,3.0080
,Standard_D32s_v4,32,128,1.5360,3.0080
,Standard_D32s_v5,32,128,1.5360,3.0080
,Standard_DC16s_v3,16,128,1.5360,2.2720
,Standard_M8-2ms,2,218.75,1.5365,2.1069
,Standard_M8-4ms,4,218.75,1.5365,2.1069
,Standard_M8ms,8,218.75,1.5365,2.1069
,Standard_D14,16,112,1.5420,2.1110
,Standard_DS14,16,112,1.5420,2.1110
,Standard_NV18ads_A10_v5,18,220,1.6000,2.4280
,Standard_E32ps_v5,32,208,1.6130,3.0850
,Standard_D48pls_v5,48,96,1.6320,3.8400
,Standard_D32ads_v5,32,128,1.6480,3.1200
,Standard_NP10s,10,168,1.6500,2.1100
,Standard_NC12,12,112,1.8000,2.1680
,Standard_H16,16,112,1.8070,3.5080
,Standard_D32d_v4,32,128,1.8080,3.2800
,Standard_D32d_v5,32,128,1.8080,3.2800
,Standard_D32ds_v4,32,128,1.8080,3.2800
,Standard_D32ds_v5,32,128,1.8080,3.2800
,Standard_DC16ds_v3,16,128,1.8080,2.5440
,Standard_E32-16as_v5,16,256,1.8080,3.2800
,Standard_E32-8as_v5,8,256,1.8080,3.2800
,Standard_E32as_v5,32,256,1.8080,3.2800
,Standard_DC32ads_v5,32,128,1.8130,3.2850
,Standard_D48plds_v5,48,96,1.8430,4.0510
,Standard_E32pds_v5,32,208,1.8430,3.3150
,Standard_D48ps_v5,48,192,1.8480,4.0560
,Standard_D15_v2,20,140,1.8530,2.6390
,Standard_DS15_v2,20,140,1.8530,2.6390
,Standard_NV32as_v4,32,112,1.8640,3.3360
,Standard_H16r,16,112,1.9880,3.8580
,Standard_EC32as_v5,32,192,1.9890,3.4610
,Standard_E32_v3,32,256,2.0160,3.4880
,Standard_E32_v4,32,256,2.0160,3.4880
,Standard_E32_v5,32,256,2.0160,3.4880
,Standard_E32-16as_v4,16,256,2.0160,3.4880
,Standard_E32-16s_v3,16,256,2.0160,3.4880
,Standard_E32-16s_v5,16,256,2.0160,3.4880
,Standard_E32-8as_v4,8,256,2.0160,3.4880
,Standard_E32-8s_v3,8,256,2.0160,3.4880
,Standard_E32-8s_v4,8,256,2.0160,3.4880
,Standard_E32-8s_v5,8,256,2.0160,3.4880
,Standard_E32a_v4,32,256,2.0160,3.4880
,Standard_E32as_v4,32,256,2.0160,3.4880
,Standard_E32s_v3,32,256,2.0160,3.4880
,Standard_E32s_v4,32,256,2.0160,3.4880
,Standard_E32s_v5,32,256,2.0160,3.4880
,Standard_F48s_v2,48,96,2.0300,4.2400
,Standard_D48as_v5,48,192,2.0640,4.2720
,Standard_NC6s_v2,6,112,2.0700,2.4930
,Standard_ND6s,6,112,2.0700,2.4930
,Standard_E32-16ads_v5,16,256,2.0960,3.5680
,Standard_E32-8ads_v5,8,256,2.0960,3.5680
,Standard_E32ads_v5,32,256,2.0960,3.5680
,Standard_D48pds_v5,48,192,2.1700,4.3780
,Standard_D64pls_v5,64,128,2.1760,5.1200
,Standard_FX24mds,24,504,2.2320,3.3360
,Standard_DC48as_v5,48,192,2.2700,4.4780
,Standard_HB60-15rs,15,228,2.2800,5.0400
,Standard_HB60-30rs,30,228,2.2800,5.0400
,Standard_HB60-45rs,45,228,2.2800,5.0400
,Standard_HB60rs,60,228,2.2800,5.0400
,Standard_NV12,12,112,2.2800,2.8800
,Standard_NV24s_v3,24,224,2.2800,3.3840
,Standard_D48_v3,48,192,2.3040,4.5120
,Standard_D48_v4,48,192,2.3040,4.5120
,Standard_D48_v5,48,192,2.3040,4.5120
,Standard_D48a_v4,48,192,2.3040,4.5120
,Standard_D48as_v4,48,192,2.3040,4.5120
,Standard_D48s_v3,48,192,2.3040,4.5120
,Standard_D48s_v4,48,192,2.3040,4.5120
,Standard_D48s_v5,48,192,2.3040,4.5120
,Standard_DC24s_v3,24,192,2.3040,3.4080
,Standard_E32-16ds_v4,16,256,2.3040,3.7760
,Standard_E32-16ds_v5,16,256,2.3040,3.7760
,Standard_E32-8ds_v4,8,256,2.3040,3.7760
,Standard_E32-8ds_v5,8,256,2.3040,3.7760
,Standard_E32d_v4,32,256,2.3040,3.7760
,Standard_E32d_v5,32,256,2.3040,3.7760
,Standard_E32ds_v4,32,256,2.3040,3.7760
,Standard_E32ds_v5,32,256,2.3040,3.7760
,Standard_EC32ads_v5,32,192,2.3060,3.7780
,Standard_E32bs_v5,32,256,2.3840,3.8560
,Standard_H16m,16,224,2.4220,4.6990
,Standard_D64plds_v5,64,128,2.4580,5.4020
,Standard_D64ps_v5,64,208,2.4640,5.4080
,Standard_D48ads_v5,48,192,2.4720,4.6800
,Standard_L32as_v3,32,256,2.4960,3.9680
,Standard_L32s_v2,32,256,2.4960,3.9680
,Standard_H16mr,16,224,2.6640,5.1690
,Standard_E32bds_v5,32,256,2.6720,4.1440
,Standard_F64s_v2,64,128,2.7060,5.2090
,Standard_D48d_v4,48,192,2.7120,4.9200
,Standard_D48d_v5,48,192,2.7120,4.9200
,Standard_D48ds_v4,48,192,2.7120,4.9200
,Standard_D48ds_v5,48,192,2.7120,4.9200
,Standard_DC24ds_v3,24,192,2.7120,3.8160
,Standard_E48as_v5,48,384,2.7120,4.9200
,Standard_DC48ads_v5,48,192,2.7190,4.9270
,Standard_D64as_v5,64,256,2.7520,5.6960
,Standard_L32s_v3,32,256,2.7840,4.2560
,Standard_M32ls,32,256,2.8730,4.3450
,Standard_EC48as_v5,48,384,2.9830,5.1910
,Standard_E48_v3,48,384,3.0240,5.2320
,Standard_E48_v4,48,384,3.0240,5.2320
,Standard_E48_v5,48,384,3.0240,5.2320
,Standard_E48a_v4,48,384,3.0240,5.2320
,Standard_E48as_v4,48,384,3.0240,5.2320
,Standard_E48s_v3,48,384,3.0240,5.2320
,Standard_E48s_v4,48,384,3.0240,5.2320
,Standard_E48s_v5,48,384,3.0240,5.2320
,Standard_F72s_v2,72,144,3.0450,5.8600
,Standard_NC6s_v3,6,112,3.0600,3.3360
,Standard_D64_v3,64,256,3.0720,6.0160
,Standard_D64_v4,64,256,3.0720,6.0160
,Standard_D64_v5,64,256,3.0720,6.0160
,Standard_D64a_v4,64,256,3.0720,6.0160
,Standard_D64as_v4,64,256,3.0720,6.0160
,Standard_D64s_v3,64,256,3.0720,6.0160
,Standard_D64s_v4,64,256,3.0720,6.0160
,Standard_D64s_v5,64,256,3.0720,6.0160
,Standard_DC32s_v3,32,256,3.0720,4.5440
,Standard_M16-4ms,4,437.5,3.0730,4.2138
,Standard_M16-8ms,8,437.5,3.0730,4.2138
,Standard_M16ms,16,437.5,3.0730,4.2138
,Standard_E48ads_v5,48,384,3.1440,5.3520
,Standard_HC44-16rs,16,352,3.1680,5.1920
,Standard_HC44-32rs,32,352,3.1680,5.1920
,Standard_HC44rs,44,352,3.1680,5.1920
,Standard_NV36ads_A10_v5,36,440,3.2000,4.8560
,Standard_D64ads_v5,64,256,3.2960,6.2400
,Standard_NP20s,20,336,3.3000,4.2200
,Standard_FX36mds,36,756,3.3480,5.0040
,Standard_E48d_v4,48,384,3.4560,5.6640
,Standard_E48d_v5,48,384,3.4560,5.6640
,Standard_E48ds_v4,48,384,3.4560,5.6640
,Standard_E48ds_v5,48,384,3.4560,5.6640
,Standard_EC48ads_v5,48,384,3.4580,5.6660
,Standard_E48bs_v5,48,384,3.5760,5.7840
,Standard_HB120-16rs_v2,16,456,3.6000,9.1200
,Standard_HB120-16rs_v3,16,448,3.6000,9.1200
,Standard_HB120-32rs_v2,32,456,3.6000,9.1200
,Standard_HB120-32rs_v3,32,448,3.6000,9.1200
,Standard_HB120-64rs_v3,64,448,3.6000,9.1200
,Standard_HB120-96rs_v2,96,456,3.6000,9.1200
,Standard_HB120-96rs_v3,96,448,3.6000,9.1200
,Standard_HB120rs_v2,120,456,3.6000,9.1200
,Standard_HB120rs_v3,120,448,3.6000,9.1200
,Standard_NC24,24,224,3.6000,4.3360
,Standard_D64d_v4,64,256,3.6160,6.5600
,Standard_D64d_v5,64,256,3.6160,6.5600
,Standard_D64ds_v4,64,256,3.6160,6.5600
,Standard_D64ds_v5,64,256,3.6160,6.5600
,Standard_DC32ds_v3,32,256,3.6160,5.0880
,Standard_E64-16as_v5,16,512,3.6160,6.5600
,Standard_E64-32as_v5,32,512,3.6160,6.5600
,Standard_E64as_v5,64,512,3.6160,6.5600
,Standard_DC64ads_v5,64,256,3.6260,6.5700
,Standard_E64_v3,64,432,3.6290,6.5730
,Standard_E64-16s_v3,16,432,3.6290,6.5730
,Standard_E64-32s_v3,32,432,3.6290,6.5730
,Standard_E64i_v3,64,432,3.6290,6.5730
,Standard_E64is_v3,64,432,3.6290,6.5730
,Standard_E64s_v3,64,432,3.6290,6.5730
,Standard_NC24ads_A100_v4,24,220,3.6730,4.7770
,Standard_L48as_v3,48,384,3.7440,5.9520
,Standard_L48s_v2,48,384,3.7440,5.9520
,Standard_NC24r,24,224,3.9600,4.7700
,Standard_E48bds_v5,48,384,4.0080,6.2160
,Standard_E64_v4,64,504,4.0320,6.9760
,Standard_E64_v5,64,512,4.0320,6.9760
,Standard_E64-16as_v4,16,512,4.0320,6.9760
,Standard_E64-16s_v4,16,504,4.0320,6.9760
,Standard_E64-32as_v4,32,512,4.0320,6.9760
,Standard_E64-32s_v4,32,504,4.0320,6.9760
,Standard_E64-32s_v5,32,512,4.0320,6.9760
,Standard_E64a_v4,64,512,4.0320,6.9760
,Standard_E64as_v4,64,512,4.0320,6.9760
,Standard_E64s_v4,64,504,4.0320,6.9760
,Standard_E64s_v5,64,512,4.0320,6.9760
,Standard_D96as_v5,96,384,4.1280,8.5440
,Standard_NC12s_v2,12,224,4.1400,4.9860
,Standard_ND12s,12,224,4.1400,4.9860
,Standard_L48s_v3,48,384,4.1760,6.3840
,Standard_E64-16ads_v5,16,512,4.1920,7.1360
,Standard_E64-32ads_v5,32,512,4.1920,7.1360
,Standard_E64ads_v5,64,512,4.1920,7.1360
,Standard_NC64as_T4_v3,64,440,4.3520,7.2960
,Standard_FX48mds,48,1008,4.4640,6.6720
,Standard_NV36adms_A10_v5,36,880,4.5200,6.1760
,Standard_DC96as_v5,96,384,4.5410,8.9570
,Standard_NV24,24,224,4.5600,5.7610
,Standard_NV48s_v3,48,448,4.5600,6.7680
,Standard_D96_v5,96,384,4.6080,9.0240
,Standard_D96a_v4,96,384,4.6080,9.0240
,Standard_D96as_v4,96,384,4.6080,9.0240
,Standard_D96s_v5,96,384,4.6080,9.0240
,Standard_E64-16ds_v4,16,504,4.6080,7.5520
,Standard_E64-16ds_v5,16,512,4.6080,7.5520
,Standard_E64-32ds_v4,32,504,4.6080,7.5520
,Standard_E64-32ds_v5,32,512,4.6080,7.5520
,Standard_E64d_v4,64,504,4.6080,7.5520
,Standard_E64d_v5,64,512,4.6080,7.5520
,Standard_E64ds_v5,64,512,4.6080,7.5520
,Standard_EC64ads_v5,64,512,4.6110,7.5550
,Standard_D96ads_v5,96,384,4.9440,9.3600
,Standard_L64as_v3,64,512,4.9920,7.9360
,Standard_L64s_v2,64,512,4.9920,7.9360
,Standard_E80is_v4,80,504,5.0400,8.7200
,Standard_E64bds_v5,64,512,5.3440,8.2880
,Standard_M64ls,64,512,5.4150,8.3590
,Standard_D96d_v5,96,384,5.4240,9.8400
,Standard_D96ds_v5,96,384,5.4240,9.8400
,Standard_DC48ds_v3,48,384,5.4240,7.6320
,Standard_E96-24as_v5,24,672,5.4240,9.8400
,Standard_E96-48as_v5,48,672,5.4240,9.8400
,Standard_E96as_v5,96,672,5.4240,9.8400
,Standard_DC96ads_v5,96,384,5.4380,9.8540
,Standard_L64s_v3,64,512,5.5680,8.5120
,Standard_E80ids_v4,80,504,5.7600,9.4400
,Standard_EC96as_v5,96,672,5.9660,10.3820
,Standard_M32ms_v2,32,875,6.0410,7.5130
,Standard_E96_v5,96,672,6.0480,10.4640
,Standard_E96-24as_v4,24,672,6.0480,10.4640
,Standard_E96-24s_v5,24,672,6.0480,10.4640
,Standard_E96-48as_v4,48,672,6.0480,10.4640
,Standard_E96-48s_v5,48,672,6.0480,10.4640
,Standard_E96a_v4,96,672,6.0480,10.4640
,Standard_E96as_v4,96,672,6.0480,10.4640
,Standard_E96s_v5,96,672,6.0480,10.4640
,Standard_NC12s_v3,12,224,6.1200,6.6720
,Standard_M32-16ms,16,875,6.1460,8.4276
,Standard_M32-8ms,8,875,6.1460,8.4276
,Standard_M32dms_v2,32,875,6.1460,7.6180
,Standard_M32ms,32,875,6.1460,8.4276
,Standard_L80as_v3,80,640,6.2400,9.9200
,Standard_L80s_v2,80,640,6.2400,9.9200
,Standard_E96-24ads_v5,24,672,6.2880,10.7040
,Standard_E96-48ads_v5,48,672,6.2880,10.7040
,Standard_E96ads_v5,96,672,6.2880,10.7040
,Standard_M64s_v2,64,1024,6.4590,9.4030
,Standard_NV72ads_A10_v5,72,880,6.5200,9.8320
,Standard_EC96ias_v5,96,672,6.5630,10.9790
,Standard_NP40s,40,672,6.6000,8.4400
,Standard_M64,64,1000,6.6690,9.6130
,Standard_M64ds_v2,64,1024,6.6690,9.6130
,Standard_M64s,64,1024,6.6690,9.6130
,Standard_E96-24ds_v5,24,672,6.9120,11.3280
,Standard_E96-48ds_v5,48,672,6.9120,11.3280
,Standard_E96d_v5,96,672,6.9120,11.3280
,Standard_E96ds_v5,96,672,6.9120,11.3280
,Standard_L80s_v3,80,640,6.9600,10.6400
,Standard_E112ias_v5,112,672,6.9610,12.1130
,Standard_E104i_v5,104,672,7.2070,11.9910
,Standard_E104is_v5,104,672,7.2070,11.9910
,Standard_NC48ads_A100_v4,48,440,7.3460,9.5540
,Standard_EC96iads_v5,96,672,7.6080,12.0240
,Standard_E112iads_v5,112,672,8.0700,13.2220
,Standard_NC24s_v2,24,448,8.2800,9.9720
,Standard_ND24s,24,448,8.2800,9.9720
,Standard_NC24rs_v2,24,448,9.1080,10.9710
,Standard_ND24rs,24,448,9.1080,10.9710
,Standard_M64ms_v2,64,1792,10.1300,13.0730
,Standard_M64-16ms,16,1750,10.3370,14.6410
,Standard_M64-32ms,32,1750,10.3370,14.6410
,Standard_M64m,64,1750,10.3370,14.6410
,Standard_M64ms,64,1750,10.3370,14.6410
,Standard_M64dms_v2,64,1792,10.3400,13.2840
,Standard_NC24s_v3,24,448,12.2400,13.3440
,Standard_M128s_v2,128,2048,12.9190,18.8070
,Standard_M128,128,2000,13.3380,19.2260
,Standard_M128s,128,2000,13.3380,19.2260
,Standard_M128ds_v2,128,2048,13.3400,19.2280
,Standard_NC24rs_v3,24,448,13.4600,14.5600
,Standard_M192is_v2,192,2048,15.6110,24.4440
,Standard_M192ids_v2,192,2048,16.0320,24.8640
,Standard_ND40rs_v2,40,672,22.0320,23.8720
,Standard_M208s_v2,208,2850,22.3100,31.8780
,Standard_M128ms_v2,128,3892,26.2690,32.1570
,Standard_M128-32ms,32,3800,26.6880,35.8140
,Standard_M128-64ms,64,3800,26.6880,35.8140
,Standard_M128m,128,3800,26.6880,35.8140
,Standard_M128ms,128,3800,26.6880,35.8140
,Standard_M128dms_v2,128,3892,26.6900,32.5780
,Standard_ND96asr_v4,96,900,27.1970,31.6130
,Standard_M192ims_v2,192,4096,31.6430,40.4760
,Standard_M192idms_v2,192,4096,32.0640,40.8960
,Standard_ND96amsr_A100_v4,96,1924,32.7700,37.1860
,Standard_M208ms_v2,208,5700,44.6200,54.1880
,Standard_M416-208s_v2,208,5700,49.5800,68.7160
,Standard_M416s_v2,416,5700,49.5800,68.7160
,Standard_M416-208ms_v2,208,11400,99.1500,118.2900
,Standard_M416ms_v2,416,11400,99.1500,118.2900
